date,value
2025-10-08,188.65802
2025-10-09,192.1097412
2025-10-10,182.7222443
2025-10-13,187.8699188
2025-10-14,179.5997162
2025-10-15,179.4002075
2025-10-16,181.3754578
2025-10-17,182.7821045
2025-10-20,182.203476
2025-10-21,180.7270203
2025-10-22,179.8491211
2025-10-23,181.7246094
2025-10-24,185.8148193
2025-10-27,191.0323181
2025-10-28,200.54953
2025-10-29,206.5451508
2025-10-30,202.4050751
2025-10-31,202.0060272
2025-11-03,206.3855591
2025-11-04,198.2151184
2025-11-05,194.7434387
2025-11-06,187.6304779
2025-11-07,187.7002869
2025-11-10,198.5742645
2025-11-11,192.6983185
2025-11-12,193.336792
2025-11-13,186.4133911
2025-11-14,189.7154694
2025-11-17,186.1540222
2025-11-18,180.9265442
2025-11-19,186.0742035
2025-11-20,180.208252
2025-11-21,178.4524689
2025-11-24,182.1137085
2025-11-25,177.3950195
2025-11-26,179.8291473
2025-11-28,176.5769653
2025-12-01,179.4899597
2025-12-02,181.0263062
2025-12-03,179.1607819
2025-12-04,182.951889
2025-12-05,181.9841461
2025-12-08,185.1168213
2025-12-09,184.5381775
2025-12-10,183.3509674
2025-12-11,180.5075989
2025-12-12,174.6114197
2025-12-15,175.8784332
2025-12-16,177.3050995
2025-12-17,170.5409241
2025-12-18,173.7334595
2025-12-19,180.5674896
2025-12-22,183.2611694
2025-12-23,188.7682953
2025-12-24,188.1696777
2025-12-26,190.0852051
2025-12-29,187.7805939
2025-12-30,187.1021729
2025-12-31,186.0646057
2026-01-02,188.4091339
2026-01-05,187.6808167
2026-01-06,186.802887
2026-01-07,188.6685181
2026-01-08,184.608017
2026-01-09,184.4284363
2026-01-12,184.508255
2026-01-13,185.3762054
2026-01-14,182.7124634
2026-01-15,186.613327
2026-01-16,185.7952423
2026-01-20,177.6543121
2026-01-21,182.8920288
2026-01-22,184.4084778
2026-01-23,187.2318726
2026-01-26,186.0346832
2026-01-27,188.079895
2026-01-28,191.072876
2026-01-29,192.0605774
2026-01-30,190.6838074
2026-02-02,185.1766815
2026-02-03,179.9189758
2026-02-04,173.7833557
2026-02-05,171.4787445
2026-02-06,184.9771729
2026-02-09,189.5963287
2026-02-10,188.0998535
2026-02-11,189.6063232
2026-02-12,186.5035858
2026-02-13,182.3832245
2026-02-17,184.5381775
2026-02-18,187.5411377
2026-02-19,187.4613342
2026-02-20,189.3768616
2026-02-23,191.1028137
2026-02-24,192.3997955
2026-02-25,195.1034546
2026-02-26,184.458374
2026-02-27,176.7763519
2026-03-02,182.0539856
2026-03-03,179.6296692
2026-03-04,182.6126709
2026-03-05,182.911972
2026-03-06,177.404892
2026-03-09,182.223587
2026-03-10,184.3386383
2026-03-11,185.6057434
2026-03-12,182.7223511
2026-03-13,179.8389282
2026-03-16,182.8021698
2026-03-17,181.5150909
2026-03-18,179.9885864
2026-03-19,178.1527863
2026-03-20,172.3061371
2026-03-23,175.2394409
2026-03-24,174.8004456
2026-03-25,178.2725067
2026-03-26,170.8494873
2026-03-27,167.1379547
2026-03-30,164.7933197
2026-03-31,174.0022736
2026-04-01,175.3491974
2026-04-02,176.9854431
2026-04-06,177.2348785
2026-04-07,177.6938324
2026-04-08,181.6647644
2026-04-09,183.4905853
2026-04-10,188.1998291
2026-04-13,188.8782654
2026-04-14,196.0618439
2026-04-15,198.4164734
2026-04-16,197.8976593
2026-04-17,201.220047
2026-04-20,201.5991821
2026-04-21,199.4241791
2026-04-22,202.0381927
2026-04-23,199.1847076
2026-04-24,207.7950287
2026-04-27,216.1160126
2026-04-28,212.6838531
2026-04-29,208.7727966
2026-04-30,199.1148834
2026-05-01,197.9974213
2026-05-04,198.0273438
2026-05-05,196.0518646
2026-05-06,207.3560333
2026-05-07,211.0176697
2026-05-08,214.7092285
2026-05-11,218.9395599
2026-05-12,220.2765045
2026-05-13,225.3149872
2026-05-14,235.2023926
2026-05-15,224.8061676
2026-05-18,221.8130035
2026-05-19,220.1068878
2026-05-20,222.9603729
2026-05-21,219.0093994
2026-05-22,214.8389282
2026-05-26,214.3700104
2026-05-27,212.1151581
2026-05-28,213.7613831
2026-05-29,210.658493
2026-06-01,223.8483429
2026-06-02,222.3118439
2026-06-03,214.2602539
2026-06-04,218.4156036
2026-06-05,204.8707581
2026-06-08,208.4067993
2026-06-09,207.9573059
2026-06-10,200.1959839
2026-06-11,204.6410065
2026-06-12,204.9606628
2026-06-15,212.2125397
2026-06-16,207.1781769
2026-06-17,204.4212494
2026-06-18,210.4545135
2026-06-22,208.4167786
2026-06-23,199.8164062
2026-06-24,198.7775726
2026-06-25,195.521225
2026-06-26,192.3148041
2026-06-29,194.7520752
2026-06-30,199.8663483
2026-07-01,197.3591614
2026-07-02,194.6122437
2026-07-06,195.3314362
2026-07-07,196.7098846
2026-07-08,203.8918457
2026-07-09,202.5533447
2026-07-10,210.7242126
2026-07-13,203.3025055
2026-07-14,211.5632782
2026-07-15,212.2624817
2026-07-16,207.1681824
2026-07-17,202.583313
2026-07-20,203.0527954
2026-07-21,207.0583038
2026-07-22,211.8229828
2026-07-23,208.5266571
2026-07-24,206.6088104
2026-07-27,196.2903595
2026-07-28,196.7897949
2026-07-29,189.7976227
2026-07-30,194.821991
2026-07-31,200.5256195
2026-08-03,206.4090424
2026-08-04,211.7031097
2026-08-05,218.9749756
2026-08-06,218.7452393
2026-08-07,223.7096863
2026-08-10,217.306839
2026-08-11,217.256897
2026-08-12,223.8395233
2026-08-13,225.0481873
2026-08-14,224.9083405
2026-08-17,224.7584991
2026-08-18,219.4944
2026-08-19,217.3168335
2026-08-20,216.6076355
2026-08-21,214.480011
2026-08-24,208.2469788
2026-08-25,212.8118744
2026-08-26,209.4256592
2026-08-27,227.725174
2026-08-28,217.306839
2026-08-31,220.5332336
2026-09-01,217.1969757
2026-09-02,224.1591797
2026-09-03,228.1946564
2026-09-04,230.1025238
2026-09-08,225.4776917
2026-09-09,223.4199982
2026-09-10,218.3600006
2026-09-11,218.2899933
2026-09-14,210.9600067
2026-09-15,212.1699982
2026-09-16,213.8999939
2026-09-17,219.3399963
2026-09-18,222.2700043
2026-09-21,227.3800049
2026-09-22,228.8699951
2026-09-23,225.5099945
2026-09-24,224.5800018
2026-09-25,225.0700073
2026-09-28,228.8600006
2026-09-29,227.2100067
2026-09-30,228.3800049
2026-10-01,230.8600006
2026-10-02,233.9499969
2026-10-05,238.8999939
2026-10-06,239.2400055
2026-10-07,237.4700012
